{
    "Agent": {
        "total": 25.143516306532547
    },
    "Env": {
        "apply_act": 2.0175767997279763,
        "observation_computation": 1.6568205014336854,
        "powerflow_computation": 0.9832245006691664,
        "total": 4.657621801830828
    },
    "total": 31.163173499982804
}