{
    "Agent": {
        "total": 3.6611681086942554
    },
    "Env": {
        "apply_act": 3.6691641046199948,
        "observation_computation": 3.179425810230896,
        "powerflow_computation": 1.7678011029493064,
        "total": 8.616391017800197
    },
    "total": 14.72606229991652
}