{
    "Agent": {
        "total": 22.226680205902085
    },
    "Env": {
        "apply_act": 2.7680469083134085,
        "observation_computation": 2.237676403718069,
        "powerflow_computation": 1.3168530925177038,
        "total": 6.3225764045491815
    },
    "total": 30.350323400227353
}