{
    "Agent": {
        "total": 8.730508502572775
    },
    "Env": {
        "apply_act": 0.43415239872410893,
        "observation_computation": 0.34571220073848963,
        "powerflow_computation": 0.20980939851142466,
        "total": 0.9896739979740232
    },
    "total": 10.011783899972215
}