{
    "Agent": {
        "total": 14.137775804847479
    },
    "Env": {
        "apply_act": 3.7416458057705313,
        "observation_computation": 3.3995151822455227,
        "powerflow_computation": 1.8100154977291822,
        "total": 8.951176485745236
    },
    "total": 25.640333499992266
}