{
    "Agent": {
        "total": 0.42631120001897216
    },
    "Env": {
        "apply_act": 0.1026128011289984,
        "observation_computation": 0.08949630009010434,
        "powerflow_computation": 0.053286698181182146,
        "total": 0.2453957994002849
    },
    "total": 0.7435319998767227
}