{
    "Agent": {
        "total": 3.3542818878777325
    },
    "Env": {
        "apply_act": 3.6882241014391184,
        "observation_computation": 3.340584291610867,
        "powerflow_computation": 1.7874009918887168,
        "total": 8.816209384938702
    },
    "total": 14.612911199918017
}