{
    "Agent": {
        "total": 3.6214088164269924
    },
    "Env": {
        "apply_act": 3.6847464134916663,
        "observation_computation": 3.0405893907882273,
        "powerflow_computation": 1.770026600221172,
        "total": 8.495362404501066
    },
    "total": 14.570315200136974
}