{
    "Agent": {
        "total": 3.0208385954611003
    },
    "Env": {
        "apply_act": 3.656759296776727,
        "observation_computation": 3.2756183804012835,
        "powerflow_computation": 1.7647445839829743,
        "total": 8.697122261160985
    },
    "total": 14.138517600018531
}