{
    "Agent": {
        "total": 3.1995382914319634
    },
    "Env": {
        "apply_act": 3.714460707968101,
        "observation_computation": 3.322301988955587,
        "powerflow_computation": 1.7723485880997032,
        "total": 8.809111285023391
    },
    "total": 14.45768509991467
}