{
    "Agent": {
        "total": 3.6378848012536764
    },
    "Env": {
        "apply_act": 3.7271258062683046,
        "observation_computation": 3.058982803951949,
        "powerflow_computation": 1.7657943076919764,
        "total": 8.55190291791223
    },
    "total": 14.864823100157082
}