{
    "Agent": {
        "total": 3.4584745122119784
    },
    "Env": {
        "apply_act": 3.674875397933647,
        "observation_computation": 3.044534218031913,
        "powerflow_computation": 1.7603098915424198,
        "total": 8.47971950750798
    },
    "total": 14.568693999899551
}