{
    "Agent": {
        "total": 3.119809296214953
    },
    "Env": {
        "apply_act": 3.7329284911975265,
        "observation_computation": 3.3939153952524066,
        "powerflow_computation": 1.7768234042450786,
        "total": 8.903667290695012
    },
    "total": 14.472237300127745
}