{
    "Agent": {
        "total": 10.040955704404041
    },
    "Env": {
        "apply_act": 1.8790208112914115,
        "observation_computation": 1.9057824998162687,
        "powerflow_computation": 0.8988213057164103,
        "total": 4.6836246168240905
    },
    "total": 15.974976800149307
}