{
    "Agent": {
        "total": 14.067944201175123
    },
    "Env": {
        "apply_act": 2.2604150099214166,
        "observation_computation": 1.8515730975195765,
        "powerflow_computation": 1.0797251963522285,
        "total": 5.191713303793222
    },
    "total": 20.78450690000318
}