{
    "Agent": {
        "total": 3.6534560997970402
    },
    "Env": {
        "apply_act": 3.6604209933429956,
        "observation_computation": 3.2025648939888924,
        "powerflow_computation": 1.7680785097181797,
        "total": 8.631064397050068
    },
    "total": 14.712370299967006
}