{
    "Agent": {
        "total": 3.1906077975872904
    },
    "Env": {
        "apply_act": 3.7026830117683858,
        "observation_computation": 3.0801612031646073,
        "powerflow_computation": 1.7663688971661031,
        "total": 8.549213112099096
    },
    "total": 14.180473599815741
}