{
    "Agent": {
        "total": 3.447592597687617
    },
    "Env": {
        "apply_act": 3.674588878871873,
        "observation_computation": 3.036581397987902,
        "powerflow_computation": 1.7510122985113412,
        "total": 8.462182575371116
    },
    "total": 14.336363199865445
}