{
    "Agent": {
        "total": 21.52925701253116
    },
    "Env": {
        "apply_act": 2.692485914332792,
        "observation_computation": 2.215454002376646,
        "powerflow_computation": 1.3089754907414317,
        "total": 6.21691540745087
    },
    "total": 29.813026699936017
}