{
    "Agent": {
        "total": 17.347279003821313
    },
    "Env": {
        "apply_act": 1.1187663925811648,
        "observation_computation": 0.9037937987595797,
        "powerflow_computation": 0.5449975982774049,
        "total": 2.5675577896181494
    },
    "total": 20.641438799910247
}