{
    "Agent": {
        "total": 13.938196800881997
    },
    "Env": {
        "apply_act": 1.5966083065140992,
        "observation_computation": 1.3298728968948126,
        "powerflow_computation": 0.7698173157405108,
        "total": 3.6962985191494226
    },
    "total": 18.689023199956864
}