{
    "Agent": {
        "total": 3.8128791905473918
    },
    "Env": {
        "apply_act": 3.697718105977401,
        "observation_computation": 3.051987502258271,
        "powerflow_computation": 1.7794024031609297,
        "total": 8.529108011396602
    },
    "total": 14.79924579989165
}