{
    "Agent": {
        "total": 24.29835130670108
    },
    "Env": {
        "apply_act": 2.319160191807896,
        "observation_computation": 2.1340763051994145,
        "powerflow_computation": 1.1286217991728336,
        "total": 5.581858296180144
    },
    "total": 31.425018100067973
}